blockname,event_id_char,event_ts
2022_02_11_aax01,odor,80
2022_02_11_aax02,odor,81
2022_02_11_aax03,odor,82
2022_02_11_aax04,odor,83
2022_02_11_aax05,odor,84
2022_02_11_aax06,odor,85
2022_02_11_aax07,odor,86
2022_02_11_aax08,odor,87
2022_02_11_aax09,odor,88
2022_02_11_aax10,odor,89
2022_02_11_aax11,odor,90
2022_02_11_aax12,odor,91
2022_02_11_aax13,odor,92
2022_02_11_aax14,odor,93
2022_02_11_aax15,odor,94
2022_02_11_aax16,odor,95
2022_02_11_aax17,odor,96
2022_02_11_aax18,odor,97
2022_02_11_aax19,odor,98
